Username,Full Name,Event Name,Event Date,Location,Skill,Status
jl@gmail.com,John Long,Flu Vaccination Camp,11/21/2024,Medical Center Houston,"Attention to Detail, Calm Under Pressure",Pending
hr@gmail.com,Henry Robinson,Flu Vaccination Camp,11/21/2024,Medical Center Houston,"Attention to Detail, Calm Under Pressure",Pending
jl@gmail.com,John Long,Blood Drive and Donor Support,6/29/2024,"Galveston, TX","Attention to Detail, Calm Under Pressure",Completed
hr@gmail.com,Henry Robinson,Blood Drive and Donor Support,6/29/2024,"Galveston, TX","Attention to Detail, Calm Under Pressure",Completed
ek@gmail.com,Edward King,Blood Drive and Donor Support,6/29/2024,"Galveston, TX","Attention to Detail, Child Empathy, Calm Under Pressure",Completed
nt@gmail.com,Nancy Toff,Mobile Health Screening Camp,7/14/2024,"League city, TX","Attention to Detail, Cardiac Knowledge, Technological Proficiency, Child Empathy, Calm Under Pressure",Completed
kj@gmail.com,Kayla Johnson,Mobile Health Screening Camp,7/14/2024,"League city, TX","Attention to Detail, Calm Under Pressure",Completed
th@gmail.com,Tom Hang,Mobile Health Screening Camp,7/14/2024,"League city, TX","Attention to Detail, Technological Proficiency, Calm Under Pressure",Completed
ek@gmail.com,Edward King,Flu Vaccination Camp,11/21/2024,Medical Center Houston,"Attention to Detail, Child Empathy, Calm Under Pressure",Pending
ap@gmail.com,Abi Patel,Dummy2,11/24/2024,Houston2,"Attention to Detail, Cardiac Knowledge, Technological Proficiency",Pending
am@gmail.com,abby manoj,ndndd,11/23/2024,jdjdj,"Attention to Detail, Cardiac Knowledge",Pending
pt@gmail.com,PT,flu shot,11/24/2024,"Houston, TX","Attention to Detail, Cardiac Knowledge",Pending
jt@gmail.com,Jake T,Vaccine Awareness camp,11/24/2024,"Houston, TX","Attention to Detail, Cardiac Knowledge, Technological Proficiency",Pending
